,Pstng.Date,pending_cnt
13867,2018-06-30,27
13871,2018-06-30,27
13873,2018-07-28,23
13874,2018-07-26,7
13876,2018-06-30,27
13877,2018-06-30,27
13878,2018-10-28,2
13879,2018-11-02,29
13880,2018-10-28,2
34544,2018-07-28,23
34545,2018-07-27,14
34546,2018-07-28,23
34547,2018-10-31,22
34548,2018-07-27,14
34549,2018-07-28,23
34550,2018-11-03,26
34551,2018-11-03,26
34552,2018-11-03,26
34553,2018-10-31,22
34554,2018-10-31,22
34555,2018-10-31,22
34556,2018-12-27,4
34557,2018-12-27,4
34558,2018-12-27,4
36344,2018-10-31,22
36355,2018-10-31,22
36356,2018-10-30,10
36358,2018-10-31,22
36364,2018-10-30,10
36369,2018-10-30,10
36372,2018-10-30,10
36374,2018-12-27,4
36375,2018-12-27,4
37717,2018-09-27,0
37718,2018-09-27,0
37719,2018-09-27,0
37720,2018-12-26,1
37721,2018-12-26,1
37722,2018-12-26,1
37723,2018-11-28,4
37724,2018-06-24,0
37725,2018-10-28,2
37726,2018-10-28,2
37727,2018-11-27,0
37728,2018-12-25,0
37729,2018-04-24,27
37730,2018-07-25,0
37731,2018-04-24,27
37732,2018-11-27,0
37733,2018-11-27,0
37734,2018-11-27,0
37735,2018-06-24,0
37736,2018-08-26,9
37737,2018-08-26,9
37738,2018-08-25,2
37739,2018-08-25,2
37740,2018-08-25,2
37741,2018-09-02,19
37742,2018-08-25,2
37743,2018-04-01,0
37744,2018-04-24,27
37745,2018-04-24,27
37746,2018-08-25,2
37747,2018-07-26,7
37748,2018-07-26,7
37749,2018-05-22,2
37750,2018-05-22,2
37751,2018-05-22,2
37752,2018-05-22,2
37753,2018-05-22,2
37754,2018-05-22,2
37755,2018-05-22,2
37756,2018-05-22,2
37757,2018-09-30,0
37758,2018-09-30,0
37759,2018-09-30,0
37760,2018-09-30,0
37761,2018-09-30,0
37762,2018-09-30,0
37763,2018-09-30,0
37764,2018-09-30,0
37765,2018-09-30,0
37766,2018-09-30,0
37767,2018-09-30,0
37768,2018-09-30,0
37769,2018-09-30,0
37770,2018-09-30,0
37771,2018-09-30,0
37772,2018-09-30,0
37773,2018-09-30,0
37774,2018-09-30,0
37775,2018-09-30,0
37776,2018-09-30,0
37777,2018-09-30,0
37778,2018-09-30,0
37779,2018-09-29,3
37780,2018-09-29,3
37781,2018-09-29,3
37782,2018-09-29,3
37783,2018-09-29,3
37784,2018-09-29,3
37785,2018-09-29,3
37786,2018-09-29,3
37787,2018-09-29,3
37788,2018-09-29,3
37789,2018-09-29,3
37790,2018-09-29,3
37791,2018-09-29,3
37792,2018-09-29,3
37793,2018-09-29,3
37794,2018-09-29,3
37795,2018-09-29,3
37796,2018-09-29,3
37797,2018-09-28,3
37798,2018-09-28,3
37799,2018-09-28,3
37800,2018-09-28,3
37801,2018-09-28,3
37802,2018-09-28,3
37803,2018-09-28,3
37804,2018-09-28,3
37805,2018-09-28,3
37806,2018-09-28,3
37807,2018-09-28,3
37808,2018-09-28,3
37809,2018-09-27,0
37810,2018-09-27,0
37811,2018-09-27,0
37812,2018-09-27,0
37813,2018-09-27,0
37814,2018-09-27,0
37815,2018-09-27,0
37816,2018-09-27,0
37817,2018-09-27,0
37818,2018-09-27,0
37819,2018-09-27,0
37820,2018-09-25,0
37821,2018-09-25,0
37822,2018-09-25,0
37823,2018-09-25,0
37824,2018-09-25,0
37825,2018-09-25,0
37826,2018-09-25,0
37827,2018-09-25,0
37828,2018-09-25,0
37829,2018-09-24,0
37830,2018-09-24,0
37831,2018-09-24,0
37832,2018-09-24,0
37833,2018-09-24,0
37834,2018-09-24,0
37835,2018-09-24,0
37836,2018-09-24,0
37837,2018-09-24,0
37838,2018-09-24,0
37839,2018-09-24,0
37840,2018-09-20,0
37841,2018-09-20,0
37842,2018-09-20,0
37843,2018-09-20,0
37844,2018-09-20,0
37845,2018-09-20,0
37846,2018-09-20,0
37847,2018-09-20,0
37848,2018-09-20,0
37849,2018-09-20,0
37850,2018-09-20,0
37851,2018-09-19,0
37852,2018-09-19,0
37853,2018-09-19,0
37854,2018-09-19,0
37855,2018-09-19,0
37856,2018-09-19,0
37857,2018-09-18,0
37858,2018-09-18,0
37859,2018-09-18,0
37860,2018-09-18,0
37861,2018-09-18,0
37862,2018-09-18,0
37863,2018-09-18,0
37864,2018-09-18,0
37865,2018-09-18,0
37866,2018-09-18,0
37867,2018-09-18,0
37868,2018-09-15,0
37869,2018-09-15,0
37870,2018-09-15,0
37871,2018-09-15,0
37872,2018-09-15,0
37873,2018-09-15,0
37874,2018-09-15,0
37875,2018-09-15,0
37876,2018-09-15,0
37877,2018-09-15,0
37878,2018-09-14,0
37879,2018-09-14,0
37880,2018-09-14,0
37881,2018-09-14,0
37882,2018-09-14,0
37883,2018-09-14,0
37884,2018-09-14,0
37885,2018-09-14,0
37886,2018-09-14,0
37887,2018-09-14,0
37888,2018-09-13,0
37889,2018-09-13,0
37890,2018-09-13,0
37891,2018-09-13,0
37892,2018-09-13,0
37893,2018-09-13,0
37894,2018-09-13,0
37895,2018-09-08,0
37896,2018-09-08,0
37897,2018-09-08,0
37898,2018-08-31,22
37899,2018-08-31,22
37900,2018-08-31,22
37901,2018-08-31,22
37902,2018-08-31,22
37903,2018-08-31,22
37904,2018-08-31,22
37905,2018-08-31,22
37906,2018-08-31,22
37907,2018-08-31,22
37908,2018-08-31,22
37909,2018-08-31,22
37910,2018-08-31,22
37911,2018-08-31,22
37912,2018-08-31,22
37913,2018-08-31,22
37914,2018-08-31,22
37915,2018-08-31,22
37916,2018-08-31,22
37917,2018-08-31,22
37918,2018-08-31,22
37919,2018-08-31,22
37920,2018-08-31,22
37921,2018-08-31,22
37922,2018-08-30,24
37923,2018-08-30,24
37924,2018-08-30,24
37925,2018-08-30,24
37926,2018-08-30,24
37927,2018-08-30,24
37928,2018-08-30,24
37929,2018-08-30,24
37930,2018-08-30,24
37931,2018-08-30,24
37932,2018-08-30,24
37933,2018-08-30,24
37934,2018-08-30,24
37935,2018-08-30,24
37936,2018-08-30,24
37937,2018-08-30,24
37938,2018-08-30,24
37939,2018-08-30,24
37940,2018-08-30,24
37941,2018-08-30,24
37942,2018-08-30,24
37943,2018-08-30,24
37944,2018-08-29,20
37945,2018-08-29,20
37946,2018-08-29,20
37947,2018-08-29,20
37948,2018-08-29,20
37949,2018-08-29,20
37950,2018-08-28,15
37951,2018-08-28,15
37952,2018-08-28,15
37953,2018-08-27,11
37954,2018-08-27,11
37955,2018-08-27,11
37956,2018-08-27,11
37957,2018-08-27,11
37958,2018-08-27,11
37959,2018-08-25,2
37960,2018-08-25,2
37961,2018-08-25,2
37962,2018-08-25,2
37963,2018-08-25,2
37964,2018-08-25,2
37965,2018-08-24,0
37966,2018-08-23,0
37967,2018-08-23,0
37968,2018-08-23,0
37969,2018-08-23,0
37970,2018-08-23,0
37971,2018-08-23,0
37972,2018-08-23,0
37973,2018-08-23,0
37974,2018-08-23,0
37975,2018-08-23,0
37976,2018-08-23,0
37977,2018-08-23,0
37978,2018-08-23,0
37979,2018-08-23,0
37980,2018-08-18,0
37981,2018-08-18,0
37982,2018-08-18,0
37983,2018-08-18,0
37984,2018-08-18,0
37985,2018-08-18,0
37986,2018-08-18,0
37987,2018-08-18,0
37988,2018-08-18,0
37989,2018-08-18,0
37990,2018-08-18,0
37991,2018-08-18,0
37992,2018-08-18,0
37993,2018-08-16,0
37994,2018-08-16,0
37995,2018-08-16,0
37996,2018-08-16,0
37997,2018-08-16,0
37998,2018-08-16,0
37999,2018-08-16,0
38000,2018-08-16,0
38001,2018-08-16,0
38002,2018-08-16,0
38003,2018-08-16,0
38004,2018-08-16,0
38005,2018-08-16,0
38006,2018-08-14,0
38007,2018-08-13,0
38008,2018-08-13,0
38009,2018-08-13,0
38010,2018-08-13,0
38011,2018-08-13,0
38012,2018-08-13,0
38013,2018-08-13,0
38014,2018-08-13,0
38015,2018-08-11,0
38016,2018-08-11,0
38017,2018-08-11,0
38018,2018-08-11,0
38019,2018-08-11,0
38020,2018-07-31,28
38021,2018-07-31,28
38022,2018-07-31,28
38023,2018-07-31,28
38024,2018-07-31,28
38025,2018-07-31,28
38026,2018-07-31,28
38027,2018-07-31,28
38028,2018-07-31,28
38029,2018-07-31,28
38030,2018-07-31,28
38031,2018-07-31,28
38032,2018-07-31,28
38033,2018-07-31,28
38034,2018-07-31,28
38035,2018-07-31,28
38036,2018-07-31,28
38037,2018-07-31,28
38038,2018-07-31,28
38039,2018-07-31,28
38040,2018-07-31,28
38041,2018-07-31,28
38042,2018-07-31,28
38043,2018-07-31,28
38044,2018-07-30,27
38045,2018-07-30,27
38046,2018-07-30,27
38047,2018-07-30,27
38048,2018-07-30,27
38049,2018-07-30,27
38050,2018-07-30,27
38051,2018-07-30,27
38052,2018-07-30,27
38053,2018-07-30,27
38054,2018-07-30,27
38055,2018-07-30,27
38056,2018-07-30,27
38057,2018-07-28,23
38058,2018-07-28,23
38059,2018-07-28,23
38060,2018-07-28,23
38061,2018-07-28,23
38062,2018-07-28,23
38063,2018-07-28,23
38064,2018-07-28,23
38065,2018-07-28,23
38066,2018-07-28,23
38067,2018-07-28,23
38068,2018-07-28,23
38069,2018-07-28,23
38070,2018-07-28,23
38071,2018-07-28,23
38072,2018-07-28,23
38073,2018-07-28,23
38074,2018-07-28,23
38075,2018-07-28,23
38076,2018-07-28,23
38077,2018-07-28,23
38078,2018-07-27,14
38079,2018-07-27,14
38080,2018-07-27,14
38081,2018-07-27,14
38082,2018-07-27,14
38083,2018-07-27,14
38084,2018-07-27,14
38085,2018-07-27,14
38086,2018-07-27,14
38087,2018-07-27,14
38088,2018-07-27,14
38089,2018-07-26,7
38090,2018-07-26,7
38091,2018-07-26,7
38092,2018-07-26,7
38093,2018-07-26,7
38094,2018-07-26,7
38095,2018-07-26,7
38096,2018-07-26,7
38097,2018-07-25,0
38098,2018-07-25,0
38099,2018-07-25,0
38100,2018-07-25,0
38101,2018-07-25,0
38102,2018-07-25,0
38103,2018-07-24,0
38104,2018-07-24,0
38105,2018-07-24,0
38106,2018-07-24,0
38107,2018-07-24,0
38108,2018-07-24,0
38109,2018-07-24,0
38110,2018-07-24,0
38111,2018-07-24,0
38112,2018-07-23,0
38113,2018-07-23,0
38114,2018-07-23,0
38115,2018-07-23,0
38116,2018-07-23,0
38117,2018-07-23,0
38118,2018-07-23,0
38119,2018-07-23,0
38120,2018-07-23,0
38121,2018-07-20,0
38122,2018-07-20,0
38123,2018-07-19,0
38124,2018-07-19,0
38125,2018-07-19,0
38126,2018-07-19,0
38127,2018-07-19,0
38128,2018-07-19,0
38129,2018-07-19,0
38130,2018-07-19,0
38131,2018-07-19,0
38132,2018-07-19,0
38133,2018-07-19,0
38134,2018-07-19,0
38135,2018-07-19,0
38136,2018-07-19,0
38137,2018-07-19,0
38138,2018-07-18,0
38139,2018-07-18,0
38140,2018-07-18,0
38141,2018-07-18,0
38142,2018-07-17,0
38143,2018-07-17,0
38144,2018-07-17,0
38145,2018-07-17,0
38146,2018-07-17,0
38147,2018-07-17,0
38148,2018-07-16,0
38149,2018-07-16,0
38150,2018-07-16,0
38151,2018-07-16,0
38152,2018-07-16,0
38153,2018-07-14,0
38154,2018-07-13,0
38155,2018-07-13,0
38156,2018-07-13,0
38157,2018-07-13,0
38158,2018-07-13,0
38159,2018-07-13,0
38160,2018-07-13,0
38161,2018-07-04,30
38162,2018-07-04,30
38163,2018-07-03,35
38164,2018-08-29,20
38165,2018-06-30,27
38166,2018-08-28,15
38167,2018-08-28,15
38168,2018-06-30,27
38169,2018-06-30,27
38170,2018-06-30,27
38171,2018-06-30,27
38172,2018-06-30,27
38173,2018-06-30,27
38174,2018-06-30,27
38175,2018-06-30,27
38176,2018-06-30,27
38177,2018-06-30,27
38178,2018-06-30,27
38179,2018-06-30,27
38180,2018-06-30,27
38181,2018-06-30,27
38182,2018-06-30,27
38183,2018-06-29,26
38184,2018-06-29,26
38185,2018-06-29,26
38186,2018-06-29,26
38187,2018-06-29,26
38188,2018-06-29,26
38189,2018-06-29,26
38190,2018-06-29,26
38191,2018-06-29,26
38192,2018-06-29,26
38193,2018-06-29,26
38194,2018-06-29,26
38195,2018-06-28,13
38196,2018-06-28,13
38197,2018-06-28,13
38198,2018-06-28,13
38199,2018-06-28,13
38200,2018-06-28,13
38201,2018-06-28,13
38202,2018-06-28,13
38203,2018-06-28,13
38204,2018-06-27,8
38205,2018-06-27,8
38206,2018-06-27,8
38207,2018-06-27,8
38208,2018-06-27,8
38209,2018-06-27,8
38210,2018-06-27,8
38211,2018-06-27,8
38212,2018-06-27,8
38213,2018-06-27,8
38214,2018-06-27,8
38215,2018-06-27,8
38216,2018-06-27,8
38217,2018-06-27,8
38218,2018-06-27,8
38219,2018-06-27,8
38220,2018-06-26,6
38221,2018-06-26,6
38222,2018-06-26,6
38223,2018-06-26,6
38224,2018-06-26,6
38225,2018-06-26,6
38226,2018-06-26,6
38227,2018-06-26,6
38228,2018-06-26,6
38229,2018-06-26,6
38230,2018-06-25,2
38231,2018-06-25,2
38232,2018-06-25,2
38233,2018-06-25,2
38234,2018-06-25,2
38235,2018-06-25,2
38236,2018-06-25,2
38237,2018-06-25,2
38238,2018-06-25,2
38239,2018-06-25,2
38240,2018-06-25,2
38241,2018-06-23,0
38242,2018-06-23,0
38243,2018-06-23,0
38244,2018-06-23,0
38245,2018-06-23,0
38246,2018-06-22,0
38247,2018-06-22,0
38248,2018-06-22,0
38249,2018-06-22,0
38250,2018-06-22,0
38251,2018-06-22,0
38252,2018-06-22,0
38253,2018-06-22,0
38254,2018-06-21,0
38255,2018-06-21,0
38256,2018-06-21,0
38257,2018-06-21,0
38258,2018-06-21,0
38259,2018-06-21,0
38260,2018-06-21,0
38261,2018-06-21,0
38262,2018-06-21,0
38263,2018-06-20,0
38264,2018-06-20,0
38265,2018-06-20,0
38266,2018-06-20,0
38267,2018-06-19,0
38268,2018-06-19,0
38269,2018-06-19,0
38270,2018-06-19,0
38271,2018-06-19,0
38272,2018-06-18,0
38273,2018-06-14,0
38274,2018-06-14,0
38275,2018-06-14,0
38276,2018-06-14,0
38277,2018-06-14,0
38278,2018-06-14,0
38279,2018-06-14,0
38280,2018-06-14,0
38281,2018-06-13,0
38282,2018-06-13,0
38283,2018-06-13,0
38284,2018-06-13,0
38285,2018-06-13,0
38286,2018-06-13,0
38287,2018-06-13,0
38288,2018-06-13,0
38289,2018-06-13,0
38290,2018-06-12,0
38291,2018-06-12,0
38292,2018-06-12,0
38293,2018-06-12,0
38294,2018-06-11,0
38295,2018-06-11,0
38296,2018-06-11,0
38297,2018-06-11,0
38298,2018-06-11,0
38299,2018-06-08,1
38300,2018-06-08,1
38301,2018-06-08,1
38302,2018-06-08,1
38303,2018-06-02,24
38304,2018-06-02,24
38305,2018-05-31,24
38306,2018-05-31,24
38307,2018-05-31,24
38308,2018-05-31,24
38309,2018-05-31,24
38310,2018-05-31,24
38311,2018-05-31,24
38312,2018-05-31,24
38313,2018-05-31,24
38314,2018-05-31,24
38315,2018-05-30,24
38316,2018-05-30,24
38317,2018-05-30,24
38318,2018-05-30,24
38319,2018-05-30,24
38320,2018-05-30,24
38321,2018-05-30,24
38322,2018-05-30,24
38323,2018-05-30,24
38324,2018-05-30,24
38325,2018-05-30,24
38326,2018-05-30,24
38327,2018-05-30,24
38328,2018-05-30,24
38329,2018-05-29,19
38330,2018-05-29,19
38331,2018-05-29,19
38332,2018-05-29,19
38333,2018-05-29,19
38334,2018-05-29,19
38335,2018-05-29,19
38336,2018-05-29,19
38337,2018-05-29,19
38338,2018-05-29,19
38339,2018-05-29,19
38340,2018-05-29,19
38341,2018-05-29,19
38342,2018-05-28,14
38343,2018-05-28,14
38344,2018-05-28,14
38345,2018-05-28,14
38346,2018-05-28,14
38347,2018-05-28,14
38348,2018-05-26,14
38349,2018-05-26,14
38350,2018-05-26,14
38351,2018-05-26,14
38352,2018-05-26,14
38353,2018-05-26,14
38354,2018-05-26,14
38355,2018-05-26,14
38356,2018-05-26,14
38357,2018-05-25,13
38358,2018-05-25,13
38359,2018-05-25,13
38360,2018-05-25,13
38361,2018-05-25,13
38362,2018-05-25,13
38363,2018-05-25,13
38364,2018-05-25,13
38365,2018-05-24,12
38366,2018-05-24,12
38367,2018-05-24,12
38368,2018-05-24,12
38369,2018-05-24,12
38370,2018-05-24,12
38371,2018-05-24,12
38372,2018-05-24,12
38373,2018-05-24,12
38374,2018-05-24,12
38375,2018-05-23,12
38376,2018-05-23,12
38377,2018-05-23,12
38378,2018-05-23,12
38379,2018-05-23,12
38380,2018-05-23,12
38381,2018-05-23,12
38382,2018-05-23,12
38383,2018-05-23,12
38384,2018-05-23,12
38385,2018-05-23,12
38386,2018-05-23,12
38387,2018-05-23,12
38388,2018-05-23,12
38389,2018-05-21,0
38390,2018-05-21,0
38391,2018-05-21,0
38392,2018-05-21,0
38393,2018-05-21,0
38394,2018-05-21,0
38395,2018-05-21,0
38396,2018-05-21,0
38397,2018-05-19,0
38398,2018-05-19,0
38399,2018-05-19,0
38400,2018-05-19,0
38401,2018-05-19,0
38402,2018-05-19,0
38403,2018-05-19,0
38404,2018-05-19,0
38405,2018-05-19,0
38406,2018-05-19,0
38407,2018-05-19,0
38408,2018-05-18,0
38409,2018-05-18,0
38410,2018-05-18,0
38411,2018-05-18,0
38412,2018-05-18,0
38413,2018-05-18,0
38414,2018-05-18,0
38415,2018-05-17,0
38416,2018-05-17,0
38417,2018-05-17,0
38418,2018-05-17,0
38419,2018-05-17,0
38420,2018-05-17,0
38421,2018-05-16,0
38422,2018-05-16,0
38423,2018-05-16,0
38424,2018-05-16,0
38425,2018-05-16,0
38426,2018-05-16,0
38427,2018-05-16,0
38428,2018-05-16,0
38429,2018-05-16,0
38430,2018-05-16,0
38431,2018-05-15,0
38432,2018-05-15,0
38433,2018-05-15,0
38434,2018-05-15,0
38435,2018-05-15,0
38436,2018-05-15,0
38437,2018-05-15,0
38438,2018-05-15,0
38439,2018-05-14,1
38440,2018-05-14,1
38441,2018-05-14,1
38442,2018-05-14,1
38443,2018-05-14,1
38444,2018-05-14,1
38445,2018-05-14,1
38446,2018-05-14,1
38447,2018-05-14,1
38448,2018-05-12,0
38449,2018-05-12,0
38450,2018-05-12,0
38451,2018-05-12,0
38452,2018-05-12,0
38453,2018-05-12,0
38454,2018-05-12,0
38455,2018-05-11,0
38456,2018-05-11,0
38457,2018-05-11,0
38458,2018-05-11,0
38459,2018-05-11,0
38460,2018-05-11,0
38461,2018-05-11,0
38462,2018-05-11,0
38463,2018-05-10,0
38464,2018-05-10,0
38465,2018-05-10,0
38466,2018-05-10,0
38467,2018-05-10,0
38468,2018-05-10,0
38469,2018-05-09,0
38470,2018-05-09,0
38471,2018-05-09,0
38472,2018-05-09,0
38473,2018-05-08,0
38474,2018-05-08,0
38475,2018-05-08,0
38476,2018-05-08,0
38477,2018-05-03,13
38478,2018-05-02,19
38479,2018-05-02,19
38480,2018-06-25,2
38481,2018-06-25,2
38482,2018-06-25,2
38483,2018-06-25,2
38484,2018-06-02,24
38485,2018-06-28,13
38486,2018-06-28,13
38487,2018-06-28,13
38488,2018-06-28,13
38489,2018-08-27,11
38490,2018-08-25,2
38491,2018-08-25,2
38492,2018-08-24,0
38493,2018-08-24,0
38494,2018-06-28,13
38495,2018-06-28,13
38496,2018-06-27,8
38497,2018-06-27,8
38498,2018-06-27,8
38499,2018-06-27,8
38500,2018-06-27,8
38501,2018-06-26,6
38502,2018-06-26,6
38503,2018-05-26,14
38504,2018-05-26,14
38505,2018-05-25,13
38506,2018-05-24,12
38507,2018-05-22,2
38508,2018-05-22,2
38509,2018-05-21,0
38510,2018-05-21,0
38511,2018-08-28,15
38512,2018-08-27,11
38513,2018-08-27,11
38514,2018-08-27,11
38515,2018-06-28,13
38516,2018-08-24,0
38517,2018-08-24,0
38518,2018-08-23,0
38519,2018-08-24,0
38520,2018-08-24,0
38521,2018-08-24,0
38522,2018-04-19,0
38523,2018-04-19,0
38524,2018-04-19,0
38525,2018-04-23,23
38526,2018-04-23,23
38527,2018-04-25,31
38528,2018-04-30,17
38529,2018-04-21,3
38530,2018-04-21,3
38531,2018-04-21,3
38532,2018-04-21,3
38533,2018-04-21,3
38534,2018-04-21,3
38535,2018-04-21,3
38536,2018-04-21,3
38537,2018-04-21,3
38538,2018-04-21,3
38539,2018-04-21,3
38540,2018-04-21,3
38541,2018-04-21,3
38542,2018-04-21,3
38543,2018-04-21,3
38544,2018-04-21,3
38545,2018-04-26,29
38546,2018-04-26,29
38547,2018-04-26,29
38548,2018-04-26,29
38549,2018-04-26,29
38550,2018-04-26,29
38551,2018-04-03,1
38552,2018-04-03,1
38553,2018-04-04,1
38554,2018-04-06,1
38555,2018-04-06,1
38556,2018-04-06,1
38557,2018-04-06,1
38558,2018-04-06,1
38559,2018-04-06,1
38560,2018-04-06,1
38561,2018-04-06,1
38562,2018-04-09,0
38563,2018-04-09,0
38564,2018-04-09,0
38565,2018-04-09,0
38566,2018-04-10,0
38567,2018-04-10,0
38568,2018-04-10,0
38569,2018-04-10,0
38570,2018-04-10,0
38571,2018-04-10,0
38572,2018-04-11,0
38573,2018-04-11,0
38574,2018-04-11,0
38575,2018-04-11,0
38576,2018-04-11,0
38577,2018-04-11,0
38578,2018-04-12,0
38579,2018-04-12,0
38580,2018-04-12,0
38581,2018-04-12,0
38582,2018-04-13,0
38583,2018-04-13,0
38584,2018-04-13,0
38585,2018-04-13,0
38586,2018-04-13,0
38587,2018-04-13,0
38588,2018-04-13,0
38589,2018-04-13,0
38590,2018-04-17,0
38591,2018-04-17,0
38592,2018-04-17,0
38593,2018-04-17,0
38594,2018-04-17,0
38595,2018-04-17,0
38596,2018-04-17,0
38597,2018-04-17,0
38598,2018-04-17,0
38599,2018-04-17,0
38600,2018-04-17,0
38601,2018-04-17,0
38602,2018-04-17,0
38603,2018-04-18,0
38604,2018-04-18,0
38605,2018-04-18,0
38606,2018-04-18,0
38607,2018-04-18,0
38608,2018-04-18,0
38609,2018-04-18,0
38610,2018-04-18,0
38611,2018-04-18,0
38612,2018-04-19,0
38613,2018-04-19,0
38614,2018-04-19,0
38615,2018-04-19,0
38616,2018-04-19,0
38617,2018-04-19,0
38618,2018-04-19,0
38619,2018-04-19,0
38620,2018-04-20,3
38621,2018-04-20,3
38622,2018-04-20,3
38623,2018-04-20,3
38624,2018-04-21,3
38625,2018-04-21,3
38626,2018-04-21,3
38627,2018-04-21,3
38628,2018-04-23,23
38629,2018-04-23,23
38630,2018-04-23,23
38631,2018-04-23,23
38632,2018-04-23,23
38633,2018-04-23,23
38634,2018-04-23,23
38635,2018-04-23,23
38636,2018-04-23,23
38637,2018-04-23,23
38638,2018-04-23,23
38639,2018-04-24,27
38640,2018-04-24,27
38641,2018-04-24,27
38642,2018-04-24,27
38643,2018-04-24,27
38644,2018-04-24,27
38645,2018-04-24,27
38646,2018-04-24,27
38647,2018-04-24,27
38648,2018-04-24,27
38649,2018-04-24,27
38650,2018-04-24,27
38651,2018-04-24,27
38652,2018-04-24,27
38653,2018-04-25,31
38654,2018-04-25,31
38655,2018-04-25,31
38656,2018-04-25,31
38657,2018-04-25,31
38658,2018-04-25,31
38659,2018-04-25,31
38660,2018-04-25,31
38661,2018-04-25,31
38662,2018-04-25,31
38663,2018-04-25,31
38664,2018-04-25,31
38665,2018-04-25,31
38666,2018-04-25,31
38667,2018-04-27,43
38668,2018-04-27,43
38669,2018-04-27,43
38670,2018-04-27,43
38671,2018-04-27,43
38672,2018-04-27,43
38673,2018-04-27,43
38674,2018-04-27,43
38675,2018-04-27,43
38676,2018-04-27,43
38677,2018-04-27,43
38678,2018-04-27,43
38679,2018-04-27,43
38680,2018-04-27,43
38681,2018-04-30,17
38682,2018-04-30,17
38683,2018-04-23,23
38684,2018-04-23,23
38685,2018-10-27,0
38686,2018-10-27,0
38687,2018-10-31,22
38688,2018-10-31,22
38689,2018-10-31,22
38690,2018-10-31,22
38691,2018-10-30,10
38692,2018-10-31,22
38693,2018-10-30,10
38694,2018-10-29,9
38695,2018-10-29,9
38696,2018-10-30,10
38697,2018-10-29,9
38698,2018-10-30,10
38699,2018-10-30,10
38700,2018-10-29,9
38701,2018-10-31,22
38702,2018-10-30,10
38703,2018-10-31,22
38704,2018-10-31,22
38705,2018-10-30,10
38706,2018-10-31,22
38707,2018-10-31,22
38708,2018-10-31,22
38709,2018-10-31,22
38710,2018-10-30,10
38711,2018-10-29,9
38712,2018-10-31,22
38713,2018-10-29,9
38714,2018-10-31,22
38715,2018-10-29,9
38716,2018-10-30,10
38717,2018-10-31,22
38718,2018-10-30,10
38719,2018-10-29,9
38720,2018-10-25,0
38721,2018-10-30,10
38722,2018-10-27,0
38723,2018-10-24,0
38724,2018-10-26,0
38725,2018-10-30,10
38726,2018-10-26,0
38727,2018-10-24,0
38728,2018-10-22,0
38729,2018-10-23,0
38730,2018-10-22,0
38731,2018-10-22,0
38732,2018-10-22,0
38733,2018-10-22,0
38734,2018-10-26,0
38735,2018-10-24,0
38736,2018-10-23,0
38737,2018-10-25,0
38738,2018-10-22,0
38739,2018-10-24,0
38740,2018-10-31,22
38741,2018-10-25,0
38742,2018-10-25,0
38743,2018-10-27,0
38744,2018-10-25,0
38745,2018-10-27,0
38746,2018-10-24,0
38747,2018-10-25,0
38748,2018-10-24,0
38749,2018-10-25,0
38750,2018-10-24,0
38751,2018-10-24,0
38752,2018-10-23,0
38753,2018-10-23,0
38754,2018-10-31,22
38755,2018-10-23,0
38756,2018-10-24,0
38757,2018-10-25,0
38758,2018-10-26,0
38759,2018-10-31,22
38760,2018-10-29,9
38761,2018-10-31,22
38762,2018-10-31,22
38763,2018-10-26,0
38764,2018-10-31,22
38765,2018-10-29,9
38766,2018-10-22,0
38767,2018-10-24,0
38768,2018-10-25,0
38769,2018-10-26,0
38770,2018-10-29,9
38771,2018-10-30,10
38772,2018-10-31,22
38773,2018-10-26,0
38774,2018-10-23,0
38775,2018-10-25,0
38776,2018-10-26,0
38777,2018-10-31,22
38778,2018-10-25,0
38779,2018-10-22,0
38780,2018-10-26,0
38781,2018-10-22,0
38782,2018-10-22,0
38783,2018-10-24,0
38784,2018-10-26,0
38785,2018-10-22,0
38786,2018-10-27,0
38787,2018-10-27,0
38788,2018-10-25,0
38789,2018-10-25,0
38790,2018-10-26,0
38791,2018-10-22,0
38792,2018-10-23,0
38793,2018-10-30,10
38794,2018-10-31,22
38795,2018-10-22,0
38796,2018-10-26,0
38797,2018-10-30,10
38798,2018-10-31,22
38799,2018-10-24,0
38800,2018-10-26,0
38801,2018-10-31,22
38802,2018-10-29,9
38803,2018-10-23,0
38804,2018-10-23,0
38805,2018-10-24,0
38806,2018-10-26,0
38807,2018-10-24,0
38808,2018-10-25,0
38809,2018-10-30,10
38810,2018-10-31,22
38811,2018-10-22,0
38812,2018-10-22,0
38813,2018-10-31,22
38814,2018-10-31,22
38815,2018-10-29,9
38816,2018-10-27,0
38817,2018-10-29,9
38818,2018-10-26,0
38819,2018-10-31,22
38820,2018-10-31,22
38821,2018-10-22,0
38822,2018-10-30,10
38823,2018-10-31,22
38824,2018-10-31,22
38825,2018-10-31,22
38826,2018-10-22,0
38827,2018-11-09,23
38828,2018-11-09,23
38829,2018-11-09,23
38830,2018-11-30,5
38831,2018-11-30,5
38832,2018-11-30,5
38833,2018-11-30,5
38834,2018-11-30,5
38835,2018-11-30,5
38836,2018-11-30,5
38837,2018-11-30,5
38838,2018-11-30,5
38839,2018-11-30,5
38840,2018-11-30,5
38841,2018-11-30,5
38842,2018-11-29,5
38843,2018-11-29,5
38844,2018-11-29,5
38845,2018-11-29,5
38846,2018-11-29,5
38847,2018-11-29,5
38848,2018-11-29,5
38849,2018-11-29,5
38850,2018-11-29,5
38851,2018-11-29,5
38852,2018-11-29,5
38853,2018-11-29,5
38854,2018-11-29,5
38855,2018-11-29,5
38856,2018-11-29,5
38857,2018-11-29,5
38858,2018-11-29,5
38859,2018-11-29,5
38860,2018-11-29,5
38861,2018-11-29,5
38862,2018-11-29,5
38863,2018-11-28,4
38864,2018-11-28,4
38865,2018-11-28,4
38866,2018-11-28,4
38867,2018-11-28,4
38868,2018-11-28,4
38869,2018-11-28,4
38870,2018-11-28,4
38871,2018-11-28,4
38872,2018-11-28,4
38873,2018-11-28,4
38874,2018-11-28,4
38875,2018-11-28,4
38876,2018-11-28,4
38877,2018-11-28,4
38878,2018-11-28,4
38879,2018-11-27,0
38880,2018-11-27,0
38881,2018-11-27,0
38882,2018-11-27,0
38883,2018-11-27,0
38884,2018-11-27,0
38885,2018-11-27,0
38886,2018-11-27,0
38887,2018-11-27,0
38888,2018-11-27,0
38889,2018-11-27,0
38890,2018-11-27,0
38891,2018-11-27,0
38892,2018-11-27,0
38893,2018-11-27,0
38894,2018-11-27,0
38895,2018-11-27,0
38896,2018-11-27,0
38897,2018-11-26,0
38898,2018-11-26,0
38899,2018-11-26,0
38900,2018-11-26,0
38901,2018-11-26,0
38902,2018-11-26,0
38903,2018-11-26,0
38904,2018-11-26,0
38905,2018-11-26,0
38906,2018-11-26,0
38907,2018-11-26,0
38908,2018-11-23,0
38909,2018-11-23,0
38910,2018-11-23,0
38911,2018-11-23,0
38912,2018-11-23,0
38913,2018-11-23,0
38914,2018-11-23,0
38915,2018-11-23,0
38916,2018-11-23,0
38917,2018-11-23,0
38918,2018-11-23,0
38919,2018-11-23,0
38920,2018-11-23,0
38921,2018-11-23,0
38922,2018-11-23,0
38923,2018-11-23,0
38924,2018-11-23,0
38925,2018-11-23,0
38926,2018-11-23,0
38927,2018-11-23,0
38928,2018-11-23,0
38929,2018-11-23,0
38930,2018-11-22,1
38931,2018-11-22,1
38932,2018-11-22,1
38933,2018-11-22,1
38934,2018-11-22,1
38935,2018-11-22,1
38936,2018-11-22,1
38937,2018-11-22,1
38938,2018-11-22,1
38939,2018-11-22,1
38940,2018-11-22,1
38941,2018-11-22,1
38942,2018-11-22,1
38943,2018-11-22,1
38944,2018-11-22,1
38945,2018-11-21,1
38946,2018-11-21,1
38947,2018-11-21,1
38948,2018-11-21,1
38949,2018-11-21,1
38950,2018-11-21,1
38951,2018-11-21,1
38952,2018-11-21,1
38953,2018-11-21,1
38954,2018-11-21,1
38955,2018-11-21,1
38956,2018-11-20,0
38957,2018-11-20,0
38958,2018-11-20,0
38959,2018-11-20,0
38960,2018-11-20,0
38961,2018-11-20,0
38962,2018-11-20,0
38963,2018-11-20,0
38964,2018-11-20,0
38965,2018-11-20,0
38966,2018-11-20,0
38967,2018-11-19,0
38968,2018-11-19,0
38969,2018-11-19,0
38970,2018-11-19,0
38971,2018-11-19,0
38972,2018-11-19,0
38973,2018-11-19,0
38974,2018-11-17,0
38975,2018-11-16,0
38976,2018-11-16,0
38977,2018-11-16,0
38978,2018-11-16,0
38979,2018-11-16,0
38980,2018-11-16,0
38981,2018-11-16,0
38982,2018-11-16,0
38983,2018-11-02,29
38984,2018-11-02,29
38985,2018-11-02,29
38986,2018-12-29,38
38987,2018-12-29,38
38988,2018-12-29,38
38989,2018-12-29,38
38990,2018-12-29,38
38991,2018-12-29,38
38992,2018-12-29,38
38993,2018-12-29,38
38994,2018-12-29,38
38995,2018-12-29,38
38996,2018-12-29,38
38997,2018-12-29,38
38998,2018-12-29,38
38999,2018-12-29,38
39000,2018-12-29,38
39001,2018-12-30,38
39002,2018-12-30,38
39003,2018-12-30,38
39004,2018-12-30,38
39005,2018-12-30,38
39006,2018-12-30,38
39007,2018-12-30,38
39008,2018-12-30,38
39009,2018-12-30,38
39010,2018-12-30,38
39011,2018-12-30,38
39012,2018-12-30,38
39013,2018-12-30,38
39014,2018-12-30,38
39015,2018-12-30,38
39016,2018-12-30,38
39017,2018-12-30,38
39018,2018-12-31,34
39019,2018-12-31,34
39020,2018-12-31,34
39021,2018-12-31,34
39022,2018-12-31,34
39023,2018-12-06,0
39024,2018-12-07,0
39025,2018-12-12,0
39026,2018-12-12,0
39027,2018-12-17,0
39028,2018-12-17,0
39029,2018-12-17,0
39030,2018-12-17,0
39031,2018-12-18,0
39032,2018-12-18,0
39033,2018-12-18,0
39034,2018-12-18,0
39035,2018-12-19,0
39036,2018-12-19,0
39037,2018-12-19,0
39038,2018-12-19,0
39039,2018-12-20,0
39040,2018-12-20,0
39041,2018-12-20,0
39042,2018-12-20,0
39043,2018-12-20,0
39044,2018-12-20,0
39045,2018-12-20,0
39046,2018-12-20,0
39047,2018-12-21,0
39048,2018-12-21,0
39049,2018-12-21,0
39050,2018-12-21,0
39051,2018-12-21,0
39052,2018-12-21,0
39053,2018-12-21,0
39054,2018-12-21,0
39055,2018-12-21,0
39056,2018-12-21,0
39057,2018-12-21,0
39058,2018-12-21,0
39059,2018-12-21,0
39060,2018-12-22,0
39061,2018-12-22,0
39062,2018-12-22,0
39063,2018-12-22,0
39064,2018-12-22,0
39065,2018-12-22,0
39066,2018-12-22,0
39067,2018-12-22,0
39068,2018-12-22,0
39069,2018-12-22,0
39070,2018-12-22,0
39071,2018-12-22,0
39072,2018-12-22,0
39073,2018-12-22,0
39074,2018-12-24,0
39075,2018-12-24,0
39076,2018-12-24,0
39077,2018-12-24,0
39078,2018-12-24,0
39079,2018-12-24,0
39080,2018-12-24,0
39081,2018-12-24,0
39082,2018-12-24,0
39083,2018-12-24,0
39084,2018-12-24,0
39085,2018-12-24,0
39086,2018-12-24,0
39087,2018-12-24,0
39088,2018-12-24,0
39089,2018-12-24,0
39090,2018-12-24,0
39091,2018-12-25,0
39092,2018-12-26,1
39093,2018-12-26,1
39094,2018-12-26,1
39095,2018-12-26,1
39096,2018-12-26,1
39097,2018-12-26,1
39098,2018-12-26,1
39099,2018-12-26,1
39100,2018-12-26,1
39101,2018-12-27,4
39102,2018-12-27,4
39103,2018-12-27,4
39104,2018-12-27,4
39105,2018-12-27,4
39106,2018-12-27,4
39107,2018-12-27,4
39108,2018-12-27,4
39109,2018-12-27,4
39110,2018-12-27,4
39111,2018-12-27,4
39112,2018-12-27,4
39113,2018-12-27,4
39114,2018-12-27,4
39115,2018-12-27,4
39116,2018-12-27,4
39117,2018-12-27,4
39118,2018-12-27,4
39119,2018-12-27,4
39120,2018-12-27,4
39121,2018-12-27,4
39122,2018-12-27,4
39123,2018-12-27,4
39124,2018-12-28,38
39125,2018-12-28,38
39126,2018-12-28,38
39127,2018-12-28,38
39128,2018-12-28,38
39129,2018-12-28,38
39130,2018-12-28,38
39131,2018-12-28,38
39132,2018-12-28,38
39133,2018-12-28,38
39134,2018-12-28,38
39135,2018-12-28,38
39136,2018-12-28,38
39137,2018-12-28,38
39138,2018-12-28,38
39139,2018-12-28,38
39140,2018-12-28,38
39141,2018-12-28,38
39142,2018-12-28,38
39143,2018-12-28,38
39144,2018-12-28,38
39145,2018-12-29,38
39146,2018-12-29,38
39147,2018-12-29,38
39148,2018-12-29,38
39149,2018-12-29,38
39150,2018-12-29,38
39151,2018-05-15,0
39152,2018-12-18,0
39153,2018-09-25,0
39154,2018-08-30,24
39155,2018-08-30,24
39156,2018-06-11,0
39157,2018-11-07,36
39158,2018-08-31,22
39159,2018-08-31,22
39160,2018-08-29,20
39161,2018-05-31,24
39162,2018-07-26,7
39163,2018-07-25,0
39164,2018-07-04,30
39165,2018-05-31,24
39166,2018-08-29,20
39167,2018-04-30,17
39168,2018-07-26,7
39169,2018-07-25,0
39170,2018-04-04,1
39171,2018-07-25,0
39172,2018-08-28,15
39173,2018-04-30,17
39174,2018-07-25,0
39175,2018-07-25,0
39176,2018-06-11,0
39177,2018-05-31,24
39178,2018-07-26,7
39179,2018-08-24,0
39180,2018-07-25,0
39181,2018-07-26,7
39182,2018-04-29,28
39183,2018-11-26,0
39184,2018-10-30,10
39185,2018-08-29,20
39186,2018-07-04,30
39187,2018-08-28,15
39188,2018-08-30,24
39189,2018-08-30,24
39190,2018-11-06,33
39191,2018-06-30,27
39192,2018-11-06,33
39193,2018-05-29,19
39194,2018-05-29,19
39195,2018-11-06,33
39196,2018-06-30,27
39197,2018-05-30,24
39198,2018-05-29,19
39199,2018-12-27,4
39200,2018-12-27,4
39201,2018-12-27,4
39202,2018-12-27,4
39203,2018-04-26,29
39204,2018-12-27,4
39205,2018-06-28,13
39206,2018-04-26,29
39207,2018-05-28,14
39208,2018-05-28,14
39209,2018-05-28,14
39210,2018-10-30,10
39211,2018-04-26,29
39212,2018-05-12,0
39213,2018-11-05,32
39214,2018-05-29,19
39215,2018-07-31,28
39216,2018-06-29,26
39217,2018-06-29,26
39218,2018-07-31,28
39219,2018-05-29,19
39220,2018-07-02,36
39221,2018-11-20,0
39222,2018-06-29,26
39223,2018-04-27,43
39224,2018-10-30,10
39225,2018-10-30,10
39226,2018-10-30,10
39227,2018-10-30,10
39228,2018-10-30,10
39229,2018-10-30,10
39230,2018-07-27,14
39231,2018-07-27,14
39232,2018-07-27,14
39233,2018-06-30,27
39234,2018-07-27,14
39235,2018-06-30,27
39236,2018-06-30,27
39237,2018-07-27,14
39238,2018-07-30,27
39239,2018-07-27,14
39240,2018-06-30,27
39241,2018-07-27,14
39242,2018-06-30,27
39243,2018-10-28,2
39244,2018-07-30,27
39245,2018-11-03,26
39246,2018-12-27,4
39247,2018-12-27,4
39248,2018-11-04,30
39249,2018-11-04,30
39250,2018-04-21,3
39251,2018-10-28,2
39252,2018-04-21,3
39253,2018-05-28,14
39254,2018-04-21,3
39255,2018-05-28,14
39256,2018-04-21,3
39257,2018-06-28,13
39258,2018-05-28,14
39259,2018-05-28,14
39260,2018-05-28,14
39261,2018-06-28,13
39262,2018-05-28,14
39263,2018-05-28,14
39264,2018-05-28,14
39265,2018-05-28,14
39266,2018-10-29,9
39267,2018-05-28,14
39268,2018-05-28,14
39269,2018-06-28,13
39270,2018-04-26,29
39271,2018-10-28,2
39272,2018-06-30,27
39273,2018-06-30,27
39289,2018-05-28,14
39302,2018-12-27,4
39304,2018-12-27,4
39305,2018-12-27,4
39306,2018-12-27,4
39307,2018-12-27,4
39308,2018-12-27,4
39309,2018-12-27,4
39310,2018-12-27,4
39311,2018-04-26,29
39312,2018-12-27,4
39313,2018-12-27,4
39314,2018-12-27,4
39315,2018-12-27,4
39316,2018-12-27,4
39317,2018-04-26,29
39318,2018-04-26,29
39319,2018-04-26,29
39320,2018-06-28,13
39321,2018-06-28,13
